date,steps,calories,active_min,distance_km,heart_min,day_of_week,month,is_weekend,steps_per_active_min,log_steps,intensity_ratio,active_hour_frac
2024-08-01,25983,1854.8,201,10.89,10.0,3,8,0,128.6,10.165236242961404,0.05,0.1396
2024-08-02,15480,1795.4,129,6.72,24.0,4,8,0,119.1,9.647368744540465,0.185,0.0896
2024-08-03,46825,2745.5,514,20.1,104.0,5,8,1,90.9,10.754193883197438,0.202,0.3569
2024-08-04,26843,1898.3,254,11.66,4.0,6,8,1,105.3,10.19779761127813,0.016,0.1764
2024-08-05,19762,1775.7,204,8.19,10.0,0,8,0,96.4,9.891566781640435,0.049,0.1417
2024-08-06,27324,1880.0,241,11.13,10.0,1,8,0,112.9,10.215557313044739,0.041,0.1674
2024-08-07,22282,1998.8,162,9.23,16.0,2,8,0,136.7,10.011579334886969,0.098,0.1125
2024-08-08,20203,1739.4,186,8.1,10.0,3,8,0,108.0,9.913635883587943,0.053,0.1292
2024-08-09,19580,1886.7,172,7.96,18.0,4,8,0,113.2,9.882314987303326,0.104,0.1194
2024-08-10,10974,1660.7,93,4.4,8.0,5,8,1,116.7,9.303375237943373,0.085,0.0646
2024-08-11,28935,2138.6,240,13.2,54.0,6,8,1,120.1,10.272841773631933,0.224,0.1667
2024-08-12,16066,1599.9,145,6.47,12.0,0,8,0,110.0,9.684522758043336,0.082,0.1007
2024-08-13,44487,2435.4,383,19.38,24.0,1,8,0,115.9,10.7029747688674,0.062,0.266
2024-08-14,37376,2168.6,310,16.52,48.0,2,8,0,120.2,10.528810820966973,0.154,0.2153
2024-08-15,29532,2221.0,235,12.6,32.0,3,8,0,125.1,10.293263561179652,0.136,0.1632
2024-08-16,23171,1655.5,178,9.08,24.0,4,8,0,129.4,10.050699932216515,0.134,0.1236
2024-08-17,40533,2408.6,293,19.0,126.0,5,8,1,137.9,10.609896407079258,0.429,0.2035
2024-08-18,41277,2305.1,299,19.57,154.0,6,8,1,137.6,10.62808494936932,0.513,0.2076
2024-08-19,38770,2349.6,302,16.13,124.0,0,8,0,128.0,10.565427823471362,0.409,0.2097
2024-08-20,38804,2306.2,362,16.44,2.0,1,8,0,106.9,10.566304383288239,0.006,0.2514
2024-08-21,18914,1658.4,162,7.73,14.0,2,8,0,116.0,9.84771053706713,0.086,0.1125
2024-08-22,18499,1640.2,162,7.78,12.0,3,8,0,113.5,9.825526011066415,0.074,0.1125
2024-08-23,18138,1972.1,183,7.26,10.0,4,8,0,98.6,9.805819595357969,0.054,0.1271
2024-08-24,33893,2188.9,264,14.51,72.0,5,8,1,127.9,10.430993286553317,0.272,0.1833
2024-08-25,33006,2247.5,265,13.82,58.0,6,8,1,124.1,10.404474939166215,0.218,0.184
2024-08-26,25956,1900.4,208,10.91,40.0,0,8,0,124.2,10.16419660173648,0.191,0.1444
2024-08-27,17846,1852.0,138,7.07,12.0,1,8,0,128.4,9.789590705856016,0.086,0.0958
2024-08-28,13329,1790.0,134,5.74,14.0,2,8,0,98.7,9.497772413172754,0.104,0.0931
2024-08-29,12566,1769.7,126,4.94,6.0,3,8,0,98.9,9.438829609615144,0.047,0.0875
2024-08-30,3965,998.3,20,0.83,0.0,4,8,0,188.8,8.285513309079741,0.0,0.0139
2024-08-31,13184,2340.4,105,5.26,12.0,5,8,1,124.4,9.486835098787386,0.113,0.0729
2024-09-01,5007,1520.9,36,1.45,0.0,6,9,1,135.3,8.518791912779934,0.0,0.025
2024-09-02,21148,1829.4,224,8.25,0.0,0,9,0,94.0,9.95934790203275,0.0,0.1556
2024-09-03,40228,2459.2,370,17.75,62.0,1,9,0,108.4,10.602343407563055,0.167,0.2569
2024-09-04,35381,2008.6,291,15.61,60.0,2,9,0,121.2,10.473958495228558,0.205,0.2021
2024-09-05,23470,1959.5,189,9.19,20.0,3,9,0,123.5,10.063520895521542,0.105,0.1312
2024-09-06,38275,2239.1,290,15.7,34.0,4,9,0,131.5,10.552578346899153,0.117,0.2014
2024-09-07,23916,1995.6,206,9.75,28.0,5,9,1,115.5,10.082344782138865,0.135,0.1431
2024-09-08,17445,1615.0,141,6.67,15.0,6,9,1,122.9,9.766865674993165,0.106,0.0979
2024-09-09,17947,1879.8,159,7.66,12.0,0,9,0,112.2,9.795233967095873,0.075,0.1104
2024-09-10,25078,1950.3,213,10.01,14.0,1,9,0,117.2,10.129786121543638,0.065,0.1479
2024-09-11,24229,1823.4,210,10.34,28.0,2,9,0,114.8,10.095346813810572,0.133,0.1458
2024-09-12,25333,1948.0,214,10.59,36.0,3,9,0,117.8,10.139902646043577,0.167,0.1486
2024-09-13,26694,1788.4,237,11.38,33.0,4,9,0,112.2,10.192231560934287,0.139,0.1646
2024-09-14,76982,3922.4,823,24.45,361.0,5,9,1,93.4,11.251339897239722,0.438,0.5715
2024-09-15,37177,2383.5,388,13.78,88.0,6,9,1,95.6,10.523472467467089,0.226,0.2694
2024-09-18,40714,2566.3,346,14.83,6.0,2,9,0,117.3,10.614351853901232,0.017,0.2403
2024-09-19,60470,2182.8,556,24.51,273.0,3,9,0,108.6,11.009919190256369,0.49,0.3861
2024-09-20,25043,2260.2,228,9.8,8.0,4,9,0,109.4,10.128389556865201,0.035,0.1583
2024-09-21,25162,2067.5,208,10.93,46.0,5,9,1,120.4,10.133129940590168,0.22,0.1444
2024-09-22,34197,2182.7,285,15.01,56.0,6,9,1,119.6,10.439922441808537,0.196,0.1979
2024-09-23,48958,2742.5,355,19.81,70.0,0,9,0,137.5,10.798738492141016,0.197,0.2465
2024-09-24,22842,1708.9,203,10.01,22.0,1,9,0,112.0,10.036400003655869,0.108,0.141
2024-09-25,34668,2293.5,285,15.27,58.0,2,9,0,121.2,10.453601194882646,0.203,0.1979
2024-09-26,28203,1777.0,228,11.95,32.0,3,9,0,123.2,10.24721909083893,0.14,0.1583
2024-09-27,76824,3253.1,615,35.16,76.0,4,9,0,124.7,11.249285386998686,0.123,0.4271
2024-09-28,31998,2033.8,319,12.29,6.0,5,9,1,100.0,10.373459931293572,0.019,0.2215
2024-09-29,15381,1689.6,128,6.63,16.0,6,9,1,119.2,9.640953273616999,0.124,0.0889
2024-09-30,21863,1824.5,188,8.44,8.0,0,9,0,115.7,9.992596727607904,0.042,0.1306
2024-10-01,28066,1921.0,237,12.02,36.0,1,10,0,117.9,10.242349787976345,0.151,0.1646
2024-10-02,14903,1724.1,132,5.83,6.0,2,10,0,112.1,9.609384912281424,0.045,0.0917
2024-10-03,23253,1936.5,190,9.48,14.0,3,10,0,121.7,10.054232439228553,0.073,0.1319
2024-10-04,30703,2021.6,260,13.08,24.0,4,10,0,117.6,10.33214821824748,0.092,0.1806
2024-10-05,16876,1917.6,147,6.0,6.0,5,10,1,114.0,9.733707027236484,0.041,0.1021
2024-10-06,27408,1904.5,249,12.4,14.0,6,10,1,109.6,10.218626705595922,0.056,0.1729
2024-10-07,25959,2130.5,178,10.55,44.0,0,10,0,145.0,10.164312170818027,0.246,0.1236
2024-10-08,22493,1910.4,187,9.58,30.0,1,10,0,119.6,10.021003885963967,0.16,0.1299
2024-10-09,26785,1989.1,230,11.4,12.0,2,10,0,116.0,10.195634641947068,0.052,0.1597
2024-10-10,38450,2261.8,324,17.18,48.0,3,10,0,118.3,10.557139982397933,0.148,0.225
2024-10-11,30375,2040.2,250,13.71,38.0,4,10,0,121.0,10.321408101911638,0.151,0.1736
2024-10-12,13957,1886.9,107,5.37,4.0,5,10,1,129.2,9.543808099577097,0.037,0.0743
2024-10-13,13912,1787.8,136,5.57,2.0,6,10,1,101.5,9.540578933841877,0.015,0.0944
2024-10-14,18848,1906.1,150,8.7,42.0,0,10,0,124.8,9.844215141071057,0.278,0.1042
2024-10-15,31806,2192.6,260,14.44,37.0,1,10,0,121.9,10.367441670330306,0.142,0.1806
2024-10-16,48494,2504.6,370,22.99,118.0,2,10,0,130.7,10.789215978827643,0.318,0.2569
2024-10-17,34724,2149.4,273,15.77,64.0,3,10,0,126.7,10.455215167622544,0.234,0.1896
2024-10-18,30515,2292.9,245,13.31,48.0,4,10,0,124.0,10.32600641521012,0.195,0.1701
2024-10-19,53208,2484.3,391,24.54,151.0,5,10,1,135.7,10.88198283395394,0.385,0.2715
2024-10-20,14160,1669.9,118,6.42,36.0,6,10,1,119.0,9.55824698622306,0.303,0.0819
2024-10-21,28428,2051.2,228,11.1,38.0,0,10,0,124.1,10.255165029914568,0.166,0.1583
2024-10-22,24282,2006.2,170,9.15,26.0,1,10,0,142.0,10.097531796025063,0.152,0.1181
2024-10-23,26269,2033.5,231,11.2,32.0,2,10,0,113.2,10.176182882679585,0.138,0.1604
2024-10-24,29955,2155.7,252,11.58,28.0,3,10,0,118.4,10.307484917369258,0.111,0.175
2024-10-25,23680,1802.4,223,9.54,20.0,4,10,0,105.7,10.072428317836021,0.089,0.1549
2024-10-26,6244,1578.2,54,2.3,6.0,5,10,1,113.5,8.739536422559677,0.109,0.0375
2024-10-27,15642,1843.2,149,6.8,18.0,6,10,1,104.3,9.657778811561771,0.12,0.1035
2024-10-28,24662,1759.3,171,10.24,53.0,0,10,0,143.4,10.113059423820243,0.308,0.1188
2024-10-29,18774,1974.6,151,7.01,12.0,1,10,0,123.5,9.840281476632336,0.079,0.1049
2024-10-30,20370,1873.3,171,8.18,14.0,2,10,0,118.4,9.921867599817558,0.081,0.1188
2024-10-31,24001,2633.2,283,9.69,118.0,3,10,0,84.5,10.085892439191387,0.415,0.1965
2024-11-01,34500,2378.2,374,13.51,132.0,4,11,0,92.0,10.448743588106625,0.352,0.2597
2024-11-02,49824,2744.4,582,20.24,148.0,5,11,1,85.5,10.816272145080996,0.254,0.4042
2024-11-03,33843,2401.3,314,12.59,16.0,6,11,1,107.4,10.42951701004439,0.051,0.2181
2024-11-04,34162,1974.7,269,12.88,66.0,0,11,0,126.5,10.438898466060431,0.244,0.1868
2024-11-05,19942,1824.8,162,8.38,20.0,1,11,0,122.3,9.900633483553221,0.123,0.1125
2024-11-06,30335,2084.8,278,13.14,44.0,2,11,0,108.7,10.320090405054748,0.158,0.1931
2024-11-07,22323,1942.5,169,9.55,56.0,3,11,0,131.3,10.013417611908324,0.329,0.1174
2024-11-08,38569,2252.1,309,16.85,64.0,4,11,0,124.4,10.560230051202273,0.206,0.2146
2024-11-09,23330,2092.4,195,10.27,28.0,5,11,1,119.0,10.057538227363054,0.143,0.1354
2024-11-10,10844,1743.3,78,4.17,4.0,6,11,1,137.3,9.291459423260974,0.051,0.0542
2024-11-11,23436,1913.9,195,9.84,22.0,0,11,0,119.6,10.062071249151874,0.112,0.1354
2024-11-12,27845,1764.1,235,12.2,48.0,1,11,0,118.0,10.23444460846923,0.203,0.1632
2024-11-13,17265,1721.4,150,7.01,10.0,2,11,0,114.3,9.756494528795468,0.066,0.1042
2024-11-14,33668,2142.6,261,15.13,74.0,3,11,0,128.5,10.424332811684366,0.282,0.1812
2024-11-15,20437,1847.1,180,8.95,26.0,4,11,0,112.9,9.925151192172155,0.144,0.125
2024-11-16,23709,1900.3,192,9.04,34.0,5,11,1,122.8,10.07365217905945,0.176,0.1333
2024-11-17,22779,1980.0,190,10.01,52.0,6,11,1,119.3,10.033638237001172,0.272,0.1319
2024-11-18,15187,1891.3,126,5.86,12.0,0,11,0,119.6,9.628260921351693,0.094,0.0875
2024-11-19,15348,1859.0,120,6.74,32.0,1,11,0,126.8,9.638805604313408,0.264,0.0833
2024-11-20,23718,2022.1,191,9.12,10.0,2,11,0,123.5,10.074031693706946,0.052,0.1326
2024-11-21,18609,1719.1,135,7.6,16.0,3,11,0,136.8,9.831454349636296,0.118,0.0938
2024-11-22,24604,1873.9,201,9.75,22.0,4,11,0,121.8,10.110704953300079,0.109,0.1396
2024-11-23,47523,2457.7,387,21.59,100.0,5,11,1,122.5,10.768990125578178,0.258,0.2688
2024-11-24,19462,1812.0,202,7.65,6.0,6,11,1,95.9,9.876270506242575,0.03,0.1403
2024-11-25,47314,2352.7,330,18.06,34.0,0,11,0,142.9,10.764582648942334,0.103,0.2292
2024-11-26,27945,1884.6,233,11.67,40.0,1,11,0,119.4,10.238029355640393,0.171,0.1618
2024-11-27,22473,1735.2,179,9.41,38.0,2,11,0,124.8,10.020114364467847,0.211,0.1243
2024-11-28,7696,1873.4,50,2.85,4.0,3,11,0,150.9,8.948585921534317,0.078,0.0347
2024-11-29,22711,1700.0,163,7.83,16.0,4,11,0,138.5,10.030648698152808,0.098,0.1132
2024-11-30,15454,1668.7,134,5.9,16.0,5,11,1,114.5,9.645687854566217,0.119,0.0931
2024-12-01,43093,2403.4,349,19.07,46.0,6,12,1,123.1,10.67113905526418,0.131,0.2424
2024-12-02,21549,1682.0,161,8.69,14.0,0,12,0,133.0,9.978131095531895,0.086,0.1118
2024-12-03,24924,1934.8,231,10.27,32.0,1,12,0,107.4,10.12362659483004,0.138,0.1604
2024-12-04,60539,2857.7,554,25.18,80.0,2,12,0,109.1,11.01105958257571,0.144,0.3847
2024-12-05,54571,2395.4,539,22.26,46.0,3,12,0,101.1,10.907276209682765,0.085,0.3743
2024-12-06,63150,2328.2,641,27.34,48.0,4,12,0,98.4,11.053283962966008,0.075,0.4451
2024-12-07,32935,1927.4,366,11.73,56.0,5,12,1,89.7,10.40232156344974,0.153,0.2542
2024-12-08,31342,2145.0,269,12.18,22.0,6,12,1,116.1,10.352746235642707,0.081,0.1868
2024-12-09,21633,1974.4,193,8.24,6.0,0,12,0,111.5,9.982021430190235,0.031,0.134
2024-12-10,19070,1921.9,169,7.94,8.0,1,12,0,112.2,9.855924135604518,0.047,0.1174
2024-12-11,30180,1931.9,277,12.48,20.0,2,12,0,108.6,10.31496786629908,0.072,0.1924
2024-12-12,33197,1966.9,268,14.14,40.0,3,12,0,123.4,10.410244912126165,0.149,0.1861
2024-12-13,26955,2061.5,229,10.77,34.0,4,12,0,117.2,10.201961186066107,0.148,0.159
2024-12-14,14675,1631.8,129,5.89,16.0,5,12,1,112.9,9.593968785475173,0.123,0.0896
2024-12-15,15946,1558.9,150,6.54,18.0,6,12,1,105.6,9.677026002747972,0.119,0.1042
2024-12-16,24047,2178.3,174,10.03,34.0,0,12,0,137.4,10.087807111992756,0.194,0.1208
2024-12-17,29040,1929.2,239,12.49,50.0,1,12,0,121.0,10.27646390360756,0.208,0.166
2024-12-18,22637,1962.5,177,9.32,44.0,2,12,0,127.2,10.027385189192366,0.247,0.1229
2024-12-19,22045,1600.9,177,9.67,48.0,3,12,0,123.8,10.000886458523262,0.27,0.1229
2024-12-20,24859,1987.9,194,10.47,18.0,4,12,0,127.5,10.121015365064702,0.092,0.1347
2024-12-21,14508,1767.6,112,6.46,24.0,5,12,1,128.4,9.582524425515684,0.212,0.0778
2024-12-22,9378,1782.9,72,4.14,12.0,6,12,1,128.5,9.146228426508939,0.164,0.05
2024-12-23,27526,2037.4,224,11.43,16.0,0,12,0,122.3,10.222922620168259,0.071,0.1556
2024-12-24,28298,1813.0,237,10.78,68.0,1,12,0,118.9,10.250581747317963,0.286,0.1646
2024-12-25,23922,2170.9,197,10.92,50.0,2,12,0,120.8,10.082595618260582,0.253,0.1368
2024-12-26,31701,1909.7,243,13.78,42.0,3,12,0,129.9,10.364135049357838,0.172,0.1688
2024-12-27,25234,1733.5,236,10.89,22.0,4,12,0,106.5,10.135987198774362,0.093,0.1639
2024-12-28,15863,1771.8,149,6.09,2.0,5,12,1,105.8,9.671807670199632,0.013,0.1035
2024-12-29,12625,1638.0,90,5.0,10.0,6,12,1,138.7,9.44351345892757,0.11,0.0625
2024-12-30,29269,2166.5,231,12.42,50.0,0,12,0,126.2,10.284318379685931,0.216,0.1604
2024-12-31,27088,1894.8,206,12.32,85.0,1,12,0,130.9,10.2068830204074,0.411,0.1431
2025-01-01,27182,2126.9,244,11.68,20.0,2,1,0,110.9,10.21034705689017,0.082,0.1694
2025-01-02,20198,1687.3,156,8.58,48.0,3,1,0,128.6,9.91338837721339,0.306,0.1083
2025-01-03,24091,2213.2,210,10.73,48.0,4,1,0,114.2,10.089635114163611,0.227,0.1458
2025-01-04,19682,1576.9,167,7.72,24.0,5,1,1,117.2,9.887510598012987,0.143,0.116
2025-01-05,19125,2072.0,150,8.52,32.0,6,1,1,126.7,9.858803944909488,0.212,0.1042
2025-01-06,22553,1872.5,197,9.7,6.0,0,1,0,113.9,10.023667712792234,0.03,0.1368
2025-01-07,12624,1685.4,102,4.97,6.0,1,1,0,122.6,9.443434254143561,0.058,0.0708
2025-01-08,20645,1826.1,149,8.65,51.0,2,1,0,137.6,9.935276875025535,0.34,0.1035
2025-01-09,35269,2077.1,266,15.97,114.0,3,1,0,132.1,10.470788023230098,0.427,0.1847
2025-01-10,29261,2207.3,245,12.67,96.0,4,1,0,118.9,10.284045024938107,0.39,0.1701
2025-01-11,29130,2046.5,224,12.99,72.0,5,1,1,129.5,10.279558178234838,0.32,0.1556
2025-01-12,58902,2893.7,480,27.47,150.0,6,1,1,122.5,10.983647302128675,0.312,0.3333
2025-01-13,50400,2553.0,381,22.54,124.0,0,1,0,131.9,10.827766295132466,0.325,0.2646
2025-01-14,24646,1863.0,189,10.71,54.0,1,1,0,129.7,10.112410468210365,0.284,0.1312
2025-01-15,26524,2162.0,186,12.18,88.0,2,1,0,141.8,10.185842963482184,0.471,0.1292
2025-01-16,34504,2022.9,255,15.93,116.0,3,1,0,134.8,10.448859520054702,0.453,0.1771
2025-01-17,20240,1790.3,138,9.16,60.0,4,1,0,145.6,9.915465529295535,0.432,0.0958
2025-01-18,38383,2384.5,274,17.74,128.0,5,1,1,139.6,10.555395985079477,0.465,0.1903
2025-01-19,18696,1919.9,126,8.51,60.0,6,1,1,147.2,9.836118362165275,0.472,0.0875
2025-01-20,23508,1806.2,164,9.17,52.0,0,1,0,142.5,10.065138605538023,0.315,0.1139
2025-01-21,24561,1870.6,171,11.59,94.0,1,1,0,142.8,10.10895581217033,0.547,0.1188
2025-01-22,22776,1846.5,170,10.15,60.0,2,1,0,133.2,10.033506533859862,0.351,0.1181
2025-01-23,23007,2168.3,172,9.56,72.0,3,1,0,133.0,10.043597260520773,0.416,0.1194
2025-01-24,20598,1779.4,147,9.76,75.0,4,1,0,139.2,9.932997809910068,0.507,0.1021
2025-01-25,22326,2008.9,194,9.27,32.0,5,1,1,114.5,10.013551987398436,0.164,0.1347
2025-01-26,18786,1792.1,137,6.95,74.0,6,1,1,136.1,9.840920420267299,0.536,0.0951
2025-01-27,22179,1887.2,217,9.46,86.0,0,1,0,101.7,10.006946260904359,0.394,0.1507
2025-01-28,26258,2246.7,215,11.02,39.0,1,1,0,121.6,10.175764066400548,0.181,0.1493
2025-01-29,27007,1908.1,222,11.46,92.0,2,1,0,121.1,10.203888397395684,0.413,0.1542
2025-01-30,33159,2266.6,318,14.04,168.0,3,1,0,103.9,10.409099609249232,0.527,0.2208
2025-01-31,29976,2357.1,218,12.83,70.0,4,1,0,136.9,10.308185699938441,0.32,0.1514
2025-02-01,35606,1821.5,271,15.96,72.0,5,2,1,130.9,10.480297526724614,0.265,0.1882
2025-02-02,14187,1798.0,128,6.15,20.0,6,2,1,110.0,9.560151815893512,0.155,0.0889
2025-02-03,29060,1808.6,278,12.2,86.0,0,2,0,104.2,10.277152348094495,0.308,0.1931
2025-02-04,50768,2802.4,465,20.79,210.0,1,2,0,108.9,10.835041211076195,0.451,0.3229
2025-02-05,19021,1836.6,158,7.25,10.0,2,2,0,119.6,9.853351483042331,0.063,0.1097
2025-02-06,12247,2021.8,76,3.48,10.0,3,2,0,159.1,9.41311793733752,0.13,0.0528
2025-02-07,40983,2428.8,287,18.16,88.0,4,2,0,142.3,10.620937025619039,0.306,0.1993
2025-02-08,38552,2240.6,300,17.33,94.0,5,2,1,128.1,10.55978919697525,0.312,0.2083
2025-02-09,56920,2712.1,412,25.87,144.0,6,2,1,137.8,10.949419620566681,0.349,0.2861
2025-02-10,55251,2977.6,426,24.83,116.0,0,2,0,129.4,10.91965981781985,0.272,0.2958
2025-02-11,40056,2281.2,281,18.62,136.0,1,2,0,142.0,10.59805871874709,0.482,0.1951
2025-02-12,46650,2321.1,320,21.59,140.0,2,2,0,145.3,10.750449642272962,0.436,0.2222
2025-02-13,47186,2409.5,341,21.81,126.0,3,2,0,138.0,10.761873709908752,0.368,0.2368
2025-02-14,32110,2133.0,249,14.08,74.0,4,2,0,128.4,10.37695392954475,0.296,0.1729
2025-02-15,27881,2398.6,217,11.9,26.0,5,2,1,127.9,10.235736598313034,0.119,0.1507
2025-02-16,18858,1894.9,162,8.37,17.0,6,2,1,115.7,9.844745532512365,0.104,0.1125
2025-02-17,30275,1893.5,239,13.5,30.0,0,2,0,126.1,10.318110598429058,0.125,0.166
2025-02-18,32426,1989.1,254,14.32,40.0,1,2,0,127.2,10.386746688084312,0.157,0.1764
2025-02-19,39986,2411.6,295,17.98,112.0,2,2,0,135.1,10.596309680272128,0.378,0.2049
2025-02-20,36448,2194.8,290,16.08,68.0,3,2,0,125.3,10.503669302218212,0.234,0.2014
2025-02-21,31955,2038.0,257,13.32,41.0,4,2,0,123.9,10.372115235601932,0.159,0.1785
2025-02-22,40830,2301.2,338,18.49,65.0,5,2,1,120.4,10.61719687580895,0.192,0.2347
2025-02-23,25818,1982.3,228,11.44,6.0,6,2,1,112.7,10.158865933983696,0.026,0.1583
2025-02-24,51183,2518.5,391,23.51,148.0,0,2,0,130.6,10.843182262189298,0.378,0.2715
2025-02-25,34980,2205.8,267,15.69,74.0,1,2,0,130.5,10.462560335928407,0.276,0.1854
2025-02-26,19569,1709.8,145,7.32,12.0,2,2,0,134.0,9.881753060390121,0.082,0.1007
2025-02-27,31806,2277.3,250,14.0,22.0,3,2,0,126.7,10.367441670330306,0.088,0.1736
2025-02-28,25248,2268.1,221,10.84,14.0,4,2,0,113.7,10.136541829958853,0.063,0.1535
2025-03-01,29107,1940.1,254,12.72,42.0,5,3,1,114.1,10.278768329466978,0.165,0.1764
2025-03-02,24510,1981.5,231,10.69,46.0,6,3,1,105.6,10.106877275363477,0.198,0.1604
2025-03-03,43940,2147.2,336,19.97,98.0,0,3,0,130.4,10.690603103986417,0.291,0.2333
2025-03-04,48046,2378.5,370,22.45,160.0,1,3,0,129.5,10.779934977485716,0.431,0.2569
2025-03-05,37081,2200.9,286,16.93,64.0,2,3,0,129.2,10.520886955657799,0.223,0.1986
2025-03-06,18098,1923.0,147,7.06,8.0,3,3,0,122.3,9.803611967108871,0.054,0.1021
2025-03-07,33709,2145.7,298,14.64,26.0,4,3,0,112.7,10.425549808228107,0.087,0.2069
2025-03-08,11817,2140.8,82,4.06,16.0,5,3,1,142.4,9.37737907190562,0.193,0.0569
2025-03-09,37451,2215.4,310,16.05,48.0,6,3,1,120.4,10.53081539205878,0.154,0.2153
2025-03-10,28983,1792.4,292,12.04,14.0,0,3,0,98.9,10.274499232574913,0.048,0.2028
2025-03-11,19404,1641.0,170,7.29,4.0,1,3,0,113.5,9.873286043803006,0.023,0.1181
2025-03-12,31676,1801.2,351,12.51,78.0,2,3,0,90.0,10.363346144474624,0.222,0.2438
2025-03-13,47099,2381.2,400,18.27,110.0,3,3,0,117.5,10.760028280004509,0.274,0.2778
2025-03-14,46345,1798.8,446,18.21,48.0,4,3,0,103.7,10.743890267377827,0.107,0.3097
2025-03-15,36842,2294.2,362,14.86,88.0,5,3,1,101.5,10.514420920278495,0.242,0.2514
2025-03-16,18023,1822.5,104,5.5,18.0,6,3,1,171.6,9.79945948211208,0.171,0.0722
2025-03-17,52214,2931.9,402,23.07,96.0,0,3,0,129.6,10.863125088913648,0.238,0.2792
2025-03-18,59529,2829.4,466,27.64,174.0,1,3,0,127.5,10.994235666147436,0.373,0.3236
2025-03-19,45453,2282.6,352,20.95,136.0,2,3,0,128.8,10.724456104533958,0.385,0.2444
2025-03-20,44310,2503.0,383,20.11,60.0,3,3,0,115.4,10.69898823220789,0.156,0.266
2025-03-21,50006,2439.5,425,22.44,88.0,4,3,0,117.4,10.819918274611197,0.207,0.2951
2025-03-22,42084,2304.5,343,19.23,180.0,5,3,1,122.3,10.647446661645677,0.523,0.2382
2025-03-23,27001,2005.1,230,11.57,62.0,6,3,1,116.9,10.203666216317192,0.268,0.1597
2025-03-24,30594,2075.7,234,11.52,28.0,0,3,0,130.2,10.328591875896642,0.119,0.1625
2025-03-25,22866,2063.5,137,7.49,32.0,1,3,0,165.7,10.037450102199095,0.232,0.0951
2025-03-26,15361,1999.3,99,5.25,14.0,2,3,0,153.6,9.639652206558628,0.14,0.0688
2025-03-27,12462,2032.2,62,3.1,0.0,3,3,0,197.8,9.430519533826377,0.0,0.0431
2025-03-28,19298,1822.4,132,7.17,16.0,4,3,0,145.1,9.86780856007911,0.12,0.0917
2025-03-29,24660,2008.5,213,8.55,2.0,5,3,1,115.2,10.11297832739655,0.009,0.1479
2025-03-30,28108,2255.3,327,11.66,78.0,6,3,1,85.7,10.243845088739151,0.238,0.2271
2025-03-31,23662,1929.8,197,9.9,22.0,0,3,0,119.5,10.071667925775051,0.111,0.1368
2025-04-01,33895,2394.8,248,13.56,42.0,1,4,0,136.1,10.431052292306395,0.169,0.1722
2025-04-02,29931,2041.4,257,13.0,46.0,2,4,0,116.0,10.30668342120025,0.178,0.1785
2025-04-03,29142,1922.5,284,12.19,6.0,3,4,0,102.3,10.279970025719809,0.021,0.1972
2025-04-04,53079,2618.9,500,22.17,64.0,4,4,0,105.9,10.879555488446144,0.128,0.3472
2025-04-05,28057,2077.9,211,10.06,16.0,5,4,1,132.3,10.242029075278717,0.075,0.1465
2025-04-06,22340,2005.6,195,8.46,22.0,6,4,1,114.0,10.014178834378756,0.112,0.1354
2025-04-07,46434,2483.4,371,20.57,48.0,0,4,0,124.8,10.745808764210109,0.129,0.2576
2025-04-08,25983,1821.8,212,11.53,56.0,1,4,0,122.0,10.165236242961404,0.263,0.1472
2025-04-09,40380,2556.9,304,18.33,60.0,2,4,0,132.4,10.606114656295205,0.197,0.2111
2025-04-10,40080,2185.8,323,18.26,106.0,3,4,0,123.7,10.598657685547298,0.327,0.2243
2025-04-11,34410,2333.9,280,15.26,58.0,4,4,0,122.5,10.446131559688638,0.206,0.1944
2025-04-12,33404,2235.5,280,14.12,30.0,5,4,1,118.9,10.416460868359577,0.107,0.1944
2025-04-13,13713,1810.4,123,5.81,18.0,6,4,1,110.6,9.52617248784431,0.145,0.0854
2025-04-14,12423,1343.7,114,5.58,20.0,0,4,0,108.0,9.427385364828522,0.174,0.0792
2025-04-15,30052,1921.8,246,12.21,42.0,1,4,0,121.7,10.31071776859096,0.17,0.1708
2025-04-16,36987,2587.8,311,17.04,66.0,2,4,0,118.5,10.518348814697529,0.212,0.216
2025-04-17,30388,1852.9,258,13.07,52.0,3,4,0,117.3,10.3218359798084,0.201,0.1792
2025-04-18,27800,2131.1,254,10.96,14.0,4,4,0,109.0,10.2328272702548,0.055,0.1764
2025-04-19,65691,2901.6,512,26.78,118.0,5,4,1,128.1,11.092732431457451,0.23,0.3556
2025-04-20,17800,1762.6,140,6.64,18.0,6,4,1,126.2,9.787009914477434,0.128,0.0972
2025-04-21,22410,1826.8,195,10.06,40.0,0,4,0,114.3,10.017307188735588,0.204,0.1354
2025-04-22,23491,2005.7,219,9.52,8.0,1,4,0,106.8,10.06441521664241,0.036,0.1521
2025-04-23,23996,1967.6,202,10.36,46.0,2,4,0,118.2,10.085684101516932,0.227,0.1403
2025-04-24,16667,1753.0,152,6.28,10.0,3,4,0,108.9,9.721245992542345,0.065,0.1056
2025-04-25,22125,1701.3,171,9.72,50.0,4,4,0,128.6,10.004508666594857,0.291,0.1188
2025-04-26,15666,1935.0,159,6.62,0.0,5,4,1,97.9,9.659311868393488,0.0,0.1104
2025-04-27,27933,1906.5,253,12.07,34.0,6,4,1,110.0,10.237599863865716,0.134,0.1757
2025-04-28,34439,2218.8,342,15.32,70.0,0,4,0,100.4,10.446973958541667,0.204,0.2375
2025-04-29,31526,2244.8,300,12.52,56.0,1,4,0,104.7,10.358599600533706,0.186,0.2083
2025-04-30,23981,1826.0,173,10.05,53.0,2,4,0,137.8,10.08505882793938,0.305,0.1201
2025-05-01,27161,2248.6,213,11.55,53.0,3,5,0,126.9,10.209574216664013,0.248,0.1479
2025-05-02,31406,2115.2,270,13.72,52.0,4,5,0,115.9,10.354786076987464,0.192,0.1875
2025-05-03,18978,1841.4,137,5.99,8.0,5,5,1,137.5,9.85108838373692,0.058,0.0951
2025-05-04,37035,2573.0,280,15.88,66.0,6,5,1,131.8,10.519645691567938,0.235,0.1944
2025-05-05,27353,1971.2,227,12.06,53.0,0,5,0,120.0,10.216618049441497,0.232,0.1576
2025-05-06,32118,2219.7,265,14.32,60.0,1,5,0,120.7,10.377203034325737,0.226,0.184
2025-05-07,28941,1762.8,274,12.58,34.0,2,5,0,105.2,10.273049106297938,0.124,0.1903
2025-05-08,18853,1967.3,157,7.63,38.0,3,5,0,119.3,9.844480371956095,0.241,0.109
2025-05-09,43340,2335.3,367,17.72,32.0,4,5,0,117.8,10.676854348197491,0.087,0.2549
2025-05-10,34181,2892.1,256,11.57,52.0,5,5,1,133.0,10.439454468708451,0.202,0.1778
2025-05-11,11129,1463.8,89,3.92,0.0,6,5,1,123.7,9.31739944426959,0.0,0.0618
2025-05-12,30532,2559.6,263,10.99,110.0,0,5,0,115.7,10.326563344903953,0.417,0.1826
2025-05-13,50299,2721.8,415,22.58,58.0,1,5,0,120.9,10.82576035608783,0.139,0.2882
2025-05-14,25155,1783.7,201,10.74,28.0,2,5,0,124.5,10.132851715663394,0.139,0.1396
2025-05-15,37483,2345.6,316,15.91,54.0,3,5,0,118.2,10.531669454243714,0.17,0.2194
2025-05-16,21666,1594.6,203,9.77,34.0,4,5,0,106.2,9.983545644706707,0.167,0.141
2025-05-17,22561,2131.4,192,9.85,26.0,5,5,1,116.9,10.024022354164865,0.135,0.1333
2025-05-18,14016,1793.8,122,6.0,22.0,6,5,1,114.0,9.548026157663058,0.179,0.0847
2025-05-19,18330,1687.6,162,7.85,20.0,0,5,0,112.5,9.816348894719365,0.123,0.1125
2025-05-20,26168,1840.4,226,10.92,38.0,1,5,0,115.3,10.172330783101328,0.167,0.1569
2025-05-21,31692,2014.4,288,13.52,30.0,2,5,0,109.7,10.36385111529173,0.104,0.2
2025-05-22,21603,1719.5,197,9.75,40.0,3,5,0,109.1,9.980633761712781,0.202,0.1368
2025-05-23,20346,1918.7,171,8.71,36.0,4,5,0,118.3,9.920688759855903,0.209,0.1188
2025-05-24,37029,2227.7,303,16.66,78.0,5,5,1,121.8,10.519483673907658,0.257,0.2104
2025-05-25,30426,2034.4,246,13.68,56.0,6,5,1,123.2,10.323085651110205,0.227,0.1708
2025-05-26,38850,2456.4,328,17.44,78.0,0,5,0,118.1,10.567489095490265,0.237,0.2278
2025-05-27,19397,1794.6,158,7.57,18.0,1,5,0,122.0,9.872925246953487,0.113,0.1097
2025-05-28,35757,2252.9,323,15.31,38.0,2,5,0,110.4,10.484529299311765,0.117,0.2243
2025-05-29,29585,2066.0,266,13.02,32.0,3,5,0,110.8,10.295056555452181,0.12,0.1847
2025-05-30,24301,1641.3,220,10.09,22.0,4,5,0,110.0,10.098313930468557,0.1,0.1528
2025-05-31,16682,1802.9,162,6.7,10.0,5,5,1,102.3,9.722145515855674,0.061,0.1125
2025-06-01,28178,1787.7,284,11.97,30.0,6,6,1,98.9,10.246332298662626,0.105,0.1972
2025-06-02,31818,2216.9,303,13.43,46.0,0,6,0,104.7,10.367818874622333,0.151,0.2104
2025-06-03,31938,2123.1,290,14.25,40.0,1,6,0,109.8,10.371583112575056,0.137,0.2014
2025-06-04,29028,1817.9,230,13.0,71.0,2,6,0,125.7,10.276050609301695,0.307,0.1597
2025-06-05,36611,2264.3,313,16.35,68.0,3,6,0,116.6,10.50813133450467,0.217,0.2174
2025-06-06,34806,2057.0,306,15.69,52.0,4,6,0,113.4,10.45757379496002,0.169,0.2125
2025-06-07,19343,1867.6,171,7.85,8.0,5,6,1,112.5,9.870137572854574,0.047,0.1188
2025-06-08,49702,2644.3,363,21.98,88.0,6,6,1,136.5,10.813820572436036,0.242,0.2521
2025-06-09,28614,1673.1,241,12.8,58.0,0,6,0,118.2,10.261686334843203,0.24,0.1674
2025-06-10,46726,2723.1,363,19.79,72.0,1,6,0,128.4,10.752077435046024,0.198,0.2521
2025-06-11,35670,2005.0,305,15.74,70.0,2,6,0,116.6,10.482093312723077,0.229,0.2118
2025-06-12,51632,2519.6,415,23.59,108.0,3,6,0,124.1,10.85191628193809,0.26,0.2882
2025-06-13,30401,1948.3,263,13.5,64.0,4,6,0,115.2,10.322263674703965,0.242,0.1826
2025-06-14,36451,2172.9,294,15.48,70.0,5,6,1,123.6,10.503751605616017,0.237,0.2042
2025-06-15,25044,1806.8,217,10.78,28.0,6,6,1,114.9,10.128429485791717,0.128,0.1507
2025-06-16,24549,2072.2,220,10.79,28.0,0,6,0,111.1,10.108467133222666,0.127,0.1528
2025-06-17,33593,2170.1,268,15.47,72.0,1,6,0,124.9,10.422102758576948,0.268,0.1861
2025-06-18,22941,1908.3,200,10.09,30.0,2,6,0,114.1,10.040724570841213,0.149,0.1389
2025-06-19,29139,1857.2,263,12.19,26.0,3,6,0,110.4,10.279867079749195,0.098,0.1826
2025-06-20,33195,2245.2,282,14.78,58.0,4,6,0,117.3,10.410184665718338,0.205,0.1958
2025-06-21,17125,1728.2,168,7.06,16.0,5,6,1,101.3,9.748353055586138,0.095,0.1167
2025-06-22,19081,1901.9,124,7.69,44.0,6,6,1,152.6,9.856500761311791,0.352,0.0861
2025-06-23,23867,1847.3,200,10.27,39.0,0,6,0,118.7,10.080293928641973,0.194,0.1389
2025-06-24,15998,1512.3,149,6.78,14.0,1,6,0,106.7,9.680281499268713,0.093,0.1035
2025-06-25,28945,2407.2,226,12.37,40.0,2,6,0,127.5,10.273187304197549,0.176,0.1569
2025-06-26,17476,1692.1,136,7.04,30.0,3,6,0,127.6,9.76864100976636,0.219,0.0944
2025-06-27,19035,1865.2,159,7.33,22.0,4,6,0,119.0,9.854087202241,0.138,0.1104
2025-06-28,23932,1819.3,195,10.5,52.0,5,6,1,122.1,10.083013538694615,0.265,0.1354
2025-06-29,36336,2569.9,323,14.26,44.0,6,6,1,112.1,10.500591784882543,0.136,0.2243
2025-06-30,20067,1983.0,181,7.72,10.0,0,6,0,110.3,9.906881785604144,0.055,0.1257
2025-07-01,35714,2355.2,425,15.4,122.0,1,7,0,83.8,10.483326047589072,0.286,0.2951
2025-07-02,44336,2407.2,447,17.8,84.0,2,7,0,99.0,10.699574821882683,0.188,0.3104
2025-07-03,26610,2104.2,301,10.31,68.0,3,7,0,88.1,10.189079943122826,0.225,0.209
2025-07-04,41114,2040.9,360,16.73,32.0,4,7,0,113.9,10.624128297404996,0.089,0.25
2025-07-05,35923,1942.7,388,15.76,38.0,5,7,1,92.3,10.48916087479084,0.098,0.2694
2025-07-06,31453,1862.3,302,12.1,14.0,6,7,1,103.8,10.35628144005067,0.046,0.2097
2025-07-07,34116,2737.9,259,13.99,44.0,0,7,0,131.2,10.437551072769297,0.169,0.1799
2025-07-08,25119,1985.7,195,9.52,26.0,1,7,0,128.2,10.131419620582134,0.133,0.1354
2025-07-09,46104,2312.9,345,20.85,110.0,2,7,0,133.2,10.738676682973242,0.318,0.2396
2025-07-10,43697,2265.4,377,19.61,100.0,3,7,0,115.6,10.68505761344597,0.265,0.2618
2025-07-11,35733,2085.8,285,16.4,78.0,4,7,0,124.9,10.483857895493113,0.273,0.1979
2025-07-12,35669,2419.9,285,16.15,80.0,5,7,1,124.7,10.482065278352938,0.28,0.1979
2025-07-13,27021,1965.6,241,12.3,26.0,6,7,1,111.7,10.204406628019905,0.107,0.1674
2025-07-14,31593,1991.8,293,13.75,49.0,0,7,0,107.5,10.360722508129042,0.167,0.2035
2025-07-15,60002,2853.5,522,26.52,72.0,1,7,0,114.7,11.00214983995428,0.138,0.3625
2025-07-16,36315,2188.0,330,15.82,24.0,2,7,0,109.7,10.500013694491647,0.073,0.2292
2025-07-17,25215,1947.9,219,10.96,40.0,3,7,0,114.6,10.135233992657605,0.182,0.1521
2025-07-18,27190,1970.3,202,9.66,26.0,4,7,0,133.9,10.210641315177503,0.128,0.1403
2025-07-19,50118,2504.1,432,22.93,60.0,5,7,1,115.7,10.822155456696034,0.139,0.3
2025-07-20,38631,2188.2,312,16.88,38.0,6,7,1,123.4,10.561836227553378,0.121,0.2167
2025-07-21,36594,2211.4,295,15.8,50.0,0,7,0,123.6,10.507666898035328,0.169,0.2049
2025-07-22,22177,1912.8,180,8.91,30.0,1,7,0,122.5,10.006856085513162,0.166,0.125
2025-07-23,25849,1934.2,201,10.65,42.0,2,7,0,128.0,10.160065879936575,0.208,0.1396
2025-07-24,34293,2066.4,297,14.87,49.0,3,7,0,115.1,10.442725690738797,0.164,0.2062
2025-07-25,27676,2173.4,286,11.19,116.0,4,7,0,96.4,10.228357022355016,0.404,0.1986
2025-07-26,16317,1582.5,137,7.21,22.0,5,7,1,118.2,9.700024071988745,0.159,0.0951
2025-07-27,42587,2421.3,344,17.34,28.0,6,7,1,123.4,10.659327802434497,0.081,0.2389
2025-07-28,44265,2506.2,345,19.66,54.0,0,7,0,127.9,10.697972167001991,0.156,0.2396
2025-07-29,42755,2664.5,384,18.57,120.0,1,7,0,111.1,10.663264815393836,0.312,0.2667
2025-07-30,39474,2180.5,297,17.96,84.0,2,7,0,132.5,10.583422839123843,0.282,0.2062
2025-07-31,37344,2251.1,301,16.28,88.0,3,7,0,123.7,10.527954312791167,0.291,0.209
2025-08-01,35104,2026.6,316,13.71,46.0,4,8,0,110.7,10.466098849451349,0.145,0.2194
2025-08-02,27396,1977.9,200,11.03,38.0,5,8,1,136.3,10.218188797330702,0.189,0.1389
2025-08-03,9894,1500.4,84,2.82,24.0,6,8,1,116.4,9.199784858036667,0.282,0.0583
2025-08-04,29461,2490.2,255,12.03,28.0,0,8,0,115.1,10.290856576374884,0.109,0.1771
2025-08-05,28202,2152.6,216,11.03,50.0,1,8,0,130.0,10.24718363424666,0.23,0.15
2025-08-06,29327,2016.6,255,11.63,22.0,2,8,0,114.6,10.286297970079486,0.086,0.1771
2025-08-07,13742,2176.4,114,4.74,4.0,3,8,0,119.5,9.528284882554852,0.035,0.0792
2025-08-08,20571,1761.7,160,7.98,22.0,4,8,0,127.8,9.931686206894806,0.137,0.1111
2025-08-09,21537,2101.0,185,9.71,42.0,5,8,1,115.8,9.977574095888826,0.226,0.1285
2025-08-10,26813,2099.4,203,11.34,28.0,6,8,1,131.4,10.196679418161507,0.137,0.141
2025-08-11,45304,2401.8,344,20.12,86.0,0,8,0,131.3,10.721172680656162,0.249,0.2389
2025-08-12,17173,1858.8,130,6.22,8.0,1,8,0,131.1,9.75115189123243,0.061,0.0903
2025-08-13,25362,1884.5,213,11.18,44.0,2,8,0,118.5,10.141046698084647,0.206,0.1479
2025-08-14,34159,1988.6,228,11.83,76.0,3,8,0,149.2,10.438810647902507,0.332,0.1583
2025-08-15,13209,1848.7,95,4.44,12.0,4,8,0,137.6,9.488729397516371,0.125,0.066
2025-08-16,41449,2295.8,330,18.82,106.0,5,8,1,125.2,10.63224316056344,0.32,0.2292
2025-08-17,55496,2695.4,425,23.35,92.0,6,8,1,130.3,10.924084244219499,0.216,0.2951
2025-08-18,28386,1983.6,206,11.83,38.0,0,8,0,137.1,10.253686572872523,0.184,0.1431
2025-08-19,37060,2210.9,302,16.15,50.0,1,8,0,122.3,10.520320482745682,0.165,0.2097
2025-08-20,40031,2585.6,290,16.29,70.0,2,8,0,137.6,10.597434413266638,0.241,0.2014
2025-08-21,31735,2232.4,253,13.55,72.0,3,8,0,124.9,10.365206962194167,0.283,0.1757
2025-08-22,26940,1726.4,255,10.66,12.0,4,8,0,105.2,10.201404568800312,0.047,0.1771
2025-08-23,14155,1835.6,108,5.93,24.0,5,8,1,129.9,9.557893841465354,0.22,0.075
2025-08-24,33618,2351.1,267,15.25,46.0,6,8,1,125.4,10.422846662320358,0.172,0.1854
2025-08-25,38195,1992.2,349,16.04,32.0,0,8,0,109.1,10.550486077070094,0.091,0.2424
2025-08-26,24366,2267.8,183,8.97,26.0,1,8,0,132.4,10.100985036866753,0.141,0.1271
2025-08-27,63976,2520.3,582,26.3,33.0,2,8,0,109.7,11.066278922751138,0.057,0.4042
2025-08-28,40588,2405.4,379,16.37,30.0,3,8,0,106.8,10.611252372919454,0.079,0.2632
2025-08-29,30826,2130.7,258,13.16,65.0,4,8,0,119.0,10.336146208328422,0.251,0.1792
2025-08-30,46249,1970.5,405,20.25,77.0,5,8,1,113.9,10.741816742940571,0.19,0.2812
2025-08-31,46372,2368.6,344,21.24,120.0,6,8,1,134.4,10.744472672295117,0.348,0.2389
2025-09-01,46087,2047.5,322,17.22,74.0,0,9,0,142.7,10.73830789141222,0.229,0.2236
2025-09-02,22676,1813.8,198,9.71,32.0,1,9,0,113.9,10.029106473960287,0.161,0.1375
2025-09-03,44364,2229.3,372,19.83,92.0,2,9,0,118.9,10.700206149269437,0.247,0.2583
2025-09-04,27114,2175.4,198,9.88,32.0,3,9,0,136.3,10.20784235927516,0.161,0.1375
2025-09-05,16799,2276.7,116,6.05,18.0,4,9,0,143.6,9.72913416539135,0.154,0.0806
2025-09-06,14692,1997.6,139,5.07,0.0,5,9,1,104.9,9.595126468875947,0.0,0.0965
2025-09-07,12082,2165.2,68,3.31,4.0,6,9,1,175.1,9.399554785027307,0.058,0.0472
2025-09-08,54229,2806.5,430,23.3,100.0,0,9,0,125.8,10.900989539835106,0.232,0.2986
2025-09-09,50275,2637.6,382,21.8,116.0,1,9,0,131.3,10.825283105044727,0.303,0.2653
2025-09-10,43360,2359.2,302,18.99,133.0,2,9,0,143.1,10.677315698578214,0.439,0.2097
2025-09-11,29636,1922.1,224,12.48,44.0,3,9,0,131.7,10.296778859712584,0.196,0.1556
2025-09-12,24489,1551.2,222,10.08,29.0,4,9,0,109.8,10.106020149946213,0.13,0.1542
2025-09-14,37746,2219.4,280,13.68,53.0,6,9,1,134.3,10.538661281320572,0.189,0.1944
2025-09-15,30227,2225.7,211,13.0,68.0,0,9,0,142.6,10.31652392614061,0.321,0.1465
2025-09-16,39474,2259.8,298,17.83,96.0,1,9,0,132.0,10.583422839123843,0.321,0.2069
2025-09-17,34908,2368.3,279,15.79,64.0,2,9,0,124.7,10.460499954601437,0.229,0.1938
2025-09-18,23160,2128.6,182,7.66,4.0,3,9,0,126.6,10.050225108647712,0.022,0.1264
2025-09-19,18689,2013.5,151,7.46,2.0,4,9,0,123.0,9.835743900449609,0.013,0.1049
2025-09-20,31246,2089.8,251,14.12,70.0,5,9,1,124.0,10.349678650556253,0.278,0.1743
2025-09-21,21057,1665.3,163,9.4,44.0,6,9,1,128.4,9.955035814416705,0.268,0.1132
2025-09-22,37638,2623.7,310,16.0,93.0,0,9,0,121.0,10.535796025864991,0.299,0.2153
2025-09-23,17328,1989.9,144,7.0,29.0,1,9,0,119.5,9.760136677640245,0.2,0.1
2025-09-24,20619,1907.2,157,8.8,46.0,2,9,0,130.5,9.934016757570951,0.291,0.109
2025-09-25,33705,2002.6,300,14.87,72.0,3,9,0,112.0,10.425431142035965,0.239,0.2083
2025-09-26,28791,1961.9,243,9.76,32.0,4,9,0,118.0,10.267852849758867,0.131,0.1688
2025-09-27,35715,2661.3,349,14.98,22.0,5,9,1,102.0,10.483354046637107,0.063,0.2424
2025-09-28,19266,1966.1,230,8.26,50.0,6,9,1,83.4,9.86614906688076,0.216,0.1597
2025-09-29,21558,1804.5,164,8.65,21.0,0,9,0,130.7,9.978548641758007,0.127,0.1139
2025-09-30,33870,2123.6,305,14.37,27.0,1,9,0,110.7,10.430314470029058,0.088,0.2118
2025-10-01,17457,1819.6,133,6.81,30.0,2,10,0,130.3,9.767553275295295,0.224,0.0924
2025-10-02,42777,2410.8,322,19.63,72.0,3,10,0,132.4,10.663779230725403,0.223,0.2236
2025-10-03,22827,1629.3,203,9.85,44.0,4,10,0,111.9,10.035743131656599,0.216,0.141
2025-10-04,17496,2242.4,128,5.73,13.0,5,10,1,135.6,9.76978471664462,0.101,0.0889
2025-10-05,14937,1844.0,123,4.46,7.0,6,10,1,120.5,9.611663580917012,0.056,0.0854
2025-10-06,35355,2194.2,252,13.8,71.0,0,10,0,139.7,10.47322338818084,0.281,0.175
2025-10-07,54702,2694.3,415,23.22,96.0,1,10,0,131.5,10.909673831513109,0.231,0.2882
2025-10-08,59652,2481.6,499,27.96,126.0,2,10,0,119.3,10.996299719639431,0.252,0.3465
2025-10-09,33012,1999.3,306,12.09,68.0,3,10,0,107.5,10.404656702268806,0.221,0.2125
2025-10-10,30051,1989.9,286,13.27,48.0,4,10,0,104.7,10.31068449348905,0.167,0.1986
2025-10-11,22998,2040.5,183,7.94,30.0,5,10,1,125.0,10.043206015705211,0.163,0.1271
2025-10-12,11274,1579.2,95,4.19,8.0,6,10,1,117.4,9.330343164370879,0.083,0.066
2025-10-13,33306,2025.1,272,12.29,62.0,0,10,0,122.0,10.413522864087675,0.227,0.1889
2025-10-14,51093,2786.9,430,22.68,122.0,1,10,0,118.5,10.841422352468154,0.283,0.2986
2025-10-15,43908,2571.1,328,17.8,127.0,2,10,0,133.5,10.689874589440821,0.386,0.2278
2025-10-16,32610,2046.4,296,14.35,84.0,3,10,0,109.8,10.39240493375324,0.283,0.2056
2025-10-17,29484,2084.9,253,11.04,28.0,4,10,0,116.1,10.291636938434605,0.11,0.1757
2025-10-18,31743,2220.3,344,12.26,75.0,5,10,1,92.0,10.3654590100846,0.217,0.2389
2025-10-19,35214,2130.1,334,14.7,24.0,6,10,1,105.1,10.469227407179512,0.072,0.2319
2025-10-20,62547,2142.7,583,26.26,70.0,0,10,0,107.1,11.0436895409634,0.12,0.4049
2025-10-21,43011,1772.8,384,16.72,60.0,1,10,0,111.7,10.669234425510417,0.156,0.2667
2025-10-22,34848,1922.0,351,14.56,18.0,2,10,0,99.0,10.458779721372386,0.051,0.2438
2025-10-23,28785,1774.5,187,4.59,26.0,3,10,0,153.1,10.267644436822616,0.138,0.1299
2025-10-24,36873,1952.4,403,13.91,64.0,4,10,0,91.3,10.515261974630336,0.158,0.2799
2025-10-25,39612,2174.1,392,15.55,73.0,5,10,1,100.8,10.586912626197837,0.186,0.2722
2025-10-26,24738,2564.3,228,9.51,20.0,6,10,1,108.0,10.116136224757685,0.087,0.1583
2025-10-27,42555,2230.7,390,16.87,101.0,0,10,0,108.8,10.658576134636256,0.258,0.2708
2025-10-28,22302,2010.2,186,8.96,18.0,1,10,0,119.3,10.012476477547958,0.096,0.1292
2025-10-29,22926,2179.2,234,8.32,14.0,2,10,0,97.6,10.040070534322663,0.06,0.1625
2025-10-30,17388,1554.6,174,7.39,20.0,3,10,0,99.4,9.76359310138207,0.114,0.1208
2025-10-31,17361,1898.8,150,6.33,11.0,4,10,0,115.0,9.762039188951753,0.073,0.1042
2025-11-01,28014,2431.0,262,11.75,56.0,5,11,1,106.5,10.240495359999384,0.213,0.1819
2025-11-02,57933,2878.1,487,26.98,142.0,6,11,1,118.7,10.96705971055897,0.291,0.3382
2025-11-03,60390,2745.8,560,27.58,96.0,0,11,0,107.6,11.0085953661978,0.171,0.3889
2025-11-04,60537,2592.8,540,27.83,115.0,1,11,0,111.9,11.011026546020759,0.213,0.375
2025-11-05,42561,2163.3,410,18.42,77.0,2,11,0,103.6,10.658717115392617,0.187,0.2847
2025-11-06,23583,2241.9,192,10.38,40.0,3,11,0,122.2,10.068323794989062,0.207,0.1333
2025-11-07,28944,2301.6,250,11.42,92.0,4,11,0,115.3,10.273152756513104,0.367,0.1736
2025-11-08,13545,1538.1,156,5.64,2.0,5,11,1,86.3,9.51384657977485,0.013,0.1083
2025-11-09,14586,1656.4,162,6.3,10.0,6,11,1,89.5,9.587886000086213,0.061,0.1125
2025-11-10,25383,2152.6,222,9.7,16.0,0,11,0,113.8,10.141874333263031,0.072,0.1542
2025-11-11,25866,1942.5,256,10.61,22.0,1,11,0,100.6,10.160723304018108,0.086,0.1778
2025-11-12,31482,2022.6,288,13.66,47.0,2,11,0,108.9,10.357202996593003,0.163,0.2
2025-11-13,43014,2108.4,407,19.15,66.0,3,11,0,105.4,10.66930417105545,0.162,0.2826
2025-11-14,40101,1930.0,349,17.51,86.0,4,11,0,114.6,10.59918148736265,0.246,0.2424
2025-11-15,44727,2493.8,373,19.98,53.0,5,11,1,119.6,10.708354982706481,0.142,0.259
2025-11-16,22842,1844.3,178,9.06,53.0,6,11,1,127.6,10.036400003655869,0.296,0.1236
2025-11-17,27747,1574.3,232,11.19,37.0,0,11,0,119.1,10.230919044505193,0.159,0.1611
2025-11-18,46260,2510.6,430,20.75,46.0,1,11,0,107.3,10.742054552499475,0.107,0.2986
2025-11-19,44376,2034.6,397,20.3,96.0,2,11,0,111.5,10.700476596184611,0.241,0.2757
2025-11-20,20907,1811.0,190,7.88,13.0,3,11,0,109.5,9.947887139832812,0.068,0.1319
2025-11-21,36081,1922.9,344,15.91,48.0,4,11,0,104.6,10.493549405012748,0.139,0.2389
2025-11-22,36852,2205.7,350,16.48,44.0,5,11,1,105.0,10.514692305429964,0.125,0.2431
2025-11-23,42381,2487.9,386,18.66,46.0,6,11,1,109.5,10.654479022780512,0.119,0.2681
2025-11-24,36810,2089.4,319,16.54,74.0,0,11,0,115.0,10.513551992534897,0.231,0.2215
2025-11-25,42183,1923.0,409,18.96,74.0,1,11,0,102.9,10.649796281210305,0.18,0.284
2025-11-26,42081,2240.3,360,18.31,60.0,2,11,0,116.6,10.647375374799257,0.166,0.25
2025-11-27,36333,1755.3,363,15.2,40.0,3,11,0,99.8,10.50050922099869,0.11,0.2521
2025-11-28,42240,2062.8,367,17.45,78.0,4,11,0,114.8,10.651146592342338,0.212,0.2549
2025-11-29,23037,1944.9,274,9.26,94.0,5,11,1,83.8,10.044900305486452,0.342,0.1903
2025-11-30,30531,1810.1,296,13.13,12.0,6,11,1,102.8,10.326530592918362,0.04,0.2056
2025-12-01,41166,2365.4,361,17.64,52.0,0,12,0,113.7,10.62539224351527,0.144,0.2507
2025-12-02,36873,1900.6,327,16.09,54.0,1,12,0,112.4,10.515261974630336,0.165,0.2271
2025-12-03,28032,1912.7,244,9.55,36.0,2,12,0,114.4,10.241137666615815,0.147,0.1694
2025-12-04,40704,2293.0,358,16.63,61.0,3,12,0,113.4,10.614106214008078,0.17,0.2486
2025-12-05,23856,2288.9,174,9.96,48.0,4,12,0,136.3,10.079832954301699,0.274,0.1208
2025-12-06,23943,1672.8,181,8.96,44.0,5,12,1,131.6,10.083473049532534,0.242,0.1257
2025-12-07,35304,2398.5,318,14.01,47.0,6,12,1,110.7,10.471779875950448,0.147,0.2208
2025-12-08,35961,2690.7,291,12.1,31.0,0,12,0,123.2,10.490218104391584,0.106,0.2021
2025-12-09,29784,1908.5,244,12.92,90.0,1,12,0,121.6,10.301760190062788,0.367,0.1694
2025-12-10,51138,2427.6,415,22.17,144.0,2,12,0,122.9,10.842302694488955,0.346,0.2882
2025-12-11,28794,1939.6,239,13.61,89.0,3,12,0,120.0,10.267957039940773,0.371,0.166
2025-12-12,32703,1545.3,291,15.1,80.0,4,12,0,112.0,10.395252673563377,0.274,0.2021
2025-12-13,11874,1669.4,83,3.6,7.0,5,12,1,141.4,9.382190628902842,0.083,0.0576
2025-12-14,45459,2896.9,345,21.06,136.0,6,12,1,131.4,10.724588097406535,0.393,0.2396
2025-12-15,26781,1891.9,209,12.27,74.0,0,12,0,127.5,10.19548529905551,0.352,0.1451
2025-12-16,28275,2032.4,246,11.21,47.0,1,12,0,114.5,10.249768667290844,0.19,0.1708
2025-12-17,33297,2117.7,269,14.77,71.0,2,12,0,123.3,10.413252614104797,0.263,0.1868
2025-12-18,35085,2002.3,283,15.3,82.0,3,12,0,123.5,10.46555746948913,0.289,0.1965
2025-12-19,22734,1603.8,176,6.58,20.0,4,12,0,128.4,10.031660866259111,0.113,0.1222
2025-12-20,23304,2208.2,186,7.33,33.0,5,12,1,124.6,10.05642320880684,0.176,0.1292
2025-12-21,21756,2336.7,228,6.91,70.0,6,12,1,95.0,9.987690823818202,0.306,0.1583
2025-12-22,42881,1968.8,452,18.65,52.0,0,12,0,94.7,10.666207436448033,0.115,0.3139
2025-12-23,38236,1603.0,488,15.15,77.0,1,12,0,78.2,10.551558912204982,0.157,0.3389
2025-12-24,45639,2508.8,556,16.58,98.0,2,12,0,81.9,10.728539803976012,0.176,0.3861
2025-12-25,30840,1810.6,412,10.32,136.0,3,12,0,74.7,10.336600252573104,0.329,0.2861
2025-12-26,32724,1634.9,434,12.43,0.0,4,12,0,75.2,10.3958945907781,0.0,0.3014
2025-12-27,52376,2074.9,589,23.27,63.0,5,12,1,88.8,10.866222842652885,0.107,0.409
2025-12-28,21564,1423.7,191,6.93,23.0,6,12,1,112.3,9.978826909081944,0.12,0.1326
2025-12-29,26306,2263.4,212,11.53,70.0,0,12,0,123.5,10.177590342447465,0.329,0.1472
2025-12-30,23706,1895.8,215,8.85,53.0,1,12,0,109.8,10.073525642163233,0.245,0.1493
2025-12-31,26427,1936.5,237,11.63,78.0,2,12,0,111.0,10.182179333149776,0.328,0.1646
2026-01-01,18140,1901.5,168,6.72,22.0,3,1,0,107.3,9.805929848941323,0.13,0.1167
2026-01-02,33810,1854.9,283,15.32,102.0,4,1,0,119.0,10.42854147231275,0.359,0.1965
2026-01-03,24970,1802.8,217,10.18,38.0,5,1,1,114.5,10.125470430529585,0.174,0.1507
2026-01-04,25019,1783.2,236,9.69,34.0,6,1,1,105.6,10.127430784020902,0.143,0.1639
2026-01-05,33966,2307.4,257,14.64,105.0,0,1,0,131.7,10.433144744037243,0.407,0.1785
2026-01-06,25848,1767.3,237,11.01,57.0,1,1,0,108.6,10.160027194468766,0.239,0.1646
2026-01-07,32187,2037.3,270,14.03,77.0,2,1,0,118.8,10.379348991266024,0.284,0.1875
2026-01-08,23618,1881.8,183,10.73,79.0,3,1,0,128.4,10.069806751852576,0.429,0.1271
2026-01-09,21174,1940.5,174,7.44,33.0,4,1,0,121.0,9.960576519520256,0.189,0.1208
2026-01-10,23260,1965.9,202,9.19,31.0,5,1,1,114.6,10.054533417409907,0.153,0.1403
2026-01-11,20743,1843.4,161,9.04,55.0,6,1,1,128.0,9.9400123272185,0.34,0.1118
2026-01-12,28886,1943.3,252,11.1,45.0,0,1,0,114.2,10.271146945908393,0.178,0.175
2026-01-13,32407,2236.1,283,13.13,93.0,1,1,0,114.1,10.386160584882527,0.327,0.1965
2026-01-14,28817,1944.1,264,9.76,31.0,2,1,0,108.7,10.268755470892879,0.117,0.1833
2026-01-15,19949,1812.0,177,8.9,63.0,3,1,0,112.1,9.90098442231801,0.354,0.1229
2026-01-16,28787,1975.0,218,13.07,97.0,4,1,0,131.4,10.267713912627695,0.443,0.1514
2026-01-17,11416,1657.1,95,3.47,6.0,5,1,1,118.9,9.342858751676328,0.062,0.066
2026-01-18,28064,2208.5,230,11.35,52.0,6,1,1,121.5,10.2422785273763,0.225,0.1597
2026-01-19,33646,2313.9,333,10.5,128.0,0,1,0,100.7,10.423679178052442,0.383,0.2312
2026-01-20,33133,2196.1,253,15.07,101.0,1,1,0,130.4,10.408315224498482,0.398,0.1757
2026-01-21,19595,1293.6,170,5.03,5.0,2,1,0,114.6,9.883080742758466,0.029,0.1181
2026-01-22,39149,2411.0,351,11.09,12.0,3,1,0,111.2,10.575155701418948,0.034,0.2438
2026-01-23,27624,2573.9,378,9.86,112.0,4,1,0,72.9,10.226476438820054,0.296,0.2625
2026-01-24,28034,1743.1,241,9.54,58.0,5,1,1,115.8,10.241209008557773,0.24,0.1674
2026-01-25,30691,1863.8,298,12.75,22.0,6,1,1,102.6,10.331757313297556,0.074,0.2069
2026-01-26,15845,1878.4,166,6.26,14.0,0,1,0,94.9,9.670672381525188,0.084,0.1153
2026-01-27,31115,2256.8,267,13.83,86.0,1,1,0,116.1,10.345477435326664,0.321,0.1854
2026-01-28,42251,2391.4,352,18.36,73.0,2,1,0,119.7,10.651406968943053,0.207,0.2444
2026-01-29,24934,1820.7,216,10.86,72.0,3,1,0,114.9,10.124027717980223,0.332,0.15
2026-01-30,35279,2230.5,291,14.05,78.0,4,1,0,120.8,10.471071510120728,0.267,0.2021
2026-01-31,22128,1942.9,178,8.32,33.0,5,1,1,123.6,10.004644244495866,0.184,0.1236
2026-02-01,13474,1608.8,124,5.11,13.0,6,2,1,107.8,9.508591395777199,0.104,0.0861
2026-02-02,35608,2093.4,320,15.56,62.0,0,2,0,110.9,10.480353693878078,0.193,0.2222
2026-02-03,24635,1923.1,200,9.27,44.0,1,2,0,122.6,10.111964066806934,0.219,0.1389
2026-02-04,33940,1976.5,261,12.59,66.0,2,2,0,129.5,10.432379002113745,0.252,0.1812
2026-02-05,34099,2048.1,276,14.59,71.0,3,2,0,123.1,10.437052663271608,0.256,0.1917
2026-02-06,27964,1877.1,293,9.94,8.0,4,2,0,95.1,10.238709007255688,0.027,0.2035
2026-02-07,42503,1983.0,540,17.55,22.0,5,2,1,78.6,10.657353468130779,0.041,0.375
2026-02-08,24314,2055.8,243,8.15,12.0,6,2,1,99.6,10.098848722837886,0.049,0.1688
2026-02-09,25726,2137.6,288,8.69,80.0,0,2,0,89.0,10.155296303064102,0.277,0.2
2026-02-10,40509,1993.1,375,18.34,109.0,1,2,0,107.7,10.609304136196736,0.29,0.2604
2026-02-11,40837,2085.1,370,17.62,90.0,2,2,0,110.1,10.61736829948298,0.243,0.2569
2026-02-12,26874,1711.7,270,9.92,14.0,3,2,0,99.2,10.198951765429964,0.052,0.1875
2026-02-13,27262,2246.1,255,9.97,33.0,4,2,0,106.5,10.213285750552616,0.129,0.1771
2026-02-14,26023,1851.0,195,7.37,24.0,5,2,1,132.8,10.166774468153188,0.122,0.1354
2026-02-15,31292,2224.5,306,12.74,146.0,6,2,1,101.9,10.351149709344082,0.476,0.2125
2026-02-16,38815,2072.6,338,14.89,100.0,0,2,0,114.5,10.566587811743776,0.295,0.2347
2026-02-17,35518,2145.4,308,13.71,51.0,1,2,0,114.9,10.477823043556645,0.165,0.2139
2026-02-18,49676,2914.4,494,20.29,185.0,2,2,0,100.4,10.813297328310593,0.374,0.3431
2026-02-19,43513,2271.1,395,19.15,92.0,3,2,0,109.9,10.680838004378147,0.232,0.2743
2026-02-20,53970,2261.4,388,16.21,84.0,4,2,0,138.7,10.896202144253335,0.216,0.2694
2026-02-21,22640,1882.4,172,6.93,34.0,5,2,1,130.9,10.027517700952979,0.197,0.1194
2026-02-22,34846,2540.0,266,15.35,99.0,6,2,1,130.5,10.458722329269523,0.371,0.1847
2026-02-23,48287,2549.5,398,20.88,118.0,0,2,0,121.0,10.784938361567576,0.296,0.2764
2026-02-24,42579,2050.4,344,16.82,105.0,1,2,0,123.4,10.65913993844747,0.304,0.2389
2026-02-25,34818,2003.3,303,15.17,85.0,2,2,0,114.5,10.45791849378284,0.28,0.2104
2026-02-26,27942,1880.1,239,12.05,60.0,3,2,0,116.4,10.23792199998891,0.25,0.166
2026-02-27,43677,2246.8,327,17.62,103.0,4,2,0,133.2,10.684599821824717,0.314,0.2271
2026-02-28,28129,2300.4,241,10.57,50.0,5,2,1,116.2,10.244591901483902,0.207,0.1674
2026-03-01,15909,787.7,127,6.76,46.0,6,3,1,124.3,9.674703121331833,0.359,0.0882
2026-03-02,40047,3072.8,341,17.08,107.0,0,3,0,117.1,10.597834013671555,0.313,0.2368
2026-03-03,42852,2108.1,370,18.6,116.0,1,3,0,115.5,10.665530933243835,0.313,0.2569
2026-03-04,17230,2053.4,159,7.03,7.0,2,3,0,107.7,9.7544653661431,0.044,0.1104
2026-03-05,26863,1770.0,202,11.13,86.0,3,3,0,132.3,10.198542379317322,0.424,0.1403
2026-03-06,43198,2826.0,372,15.21,136.0,4,3,0,115.8,10.673572625816131,0.365,0.2583
2026-03-07,22159,1887.3,175,5.83,12.0,5,3,1,125.9,10.00604414086122,0.068,0.1215
2026-03-08,31187,2497.4,275,11.05,31.0,6,3,1,113.0,10.34778868442949,0.112,0.191
2026-03-09,46667,2248.6,401,14.21,34.0,0,3,0,116.1,10.750813983943747,0.085,0.2785
2026-03-10,43130,2522.8,405,16.31,31.0,1,3,0,106.2,10.671997275090702,0.076,0.2812
2026-03-11,57624,1433.2,388,11.32,98.0,2,3,0,148.1,10.96171178029895,0.252,0.2694
2026-03-12,46913,2815.1,394,14.2,35.0,3,3,0,118.8,10.756071417352569,0.089,0.2736
2026-03-13,32907,1487.6,274,7.6,20.0,4,3,0,119.7,10.40147106828882,0.073,0.1903
2026-03-14,47135,2011.2,523,19.1,37.0,5,3,1,90.0,10.760792319262357,0.071,0.3632
2026-03-15,45577,1669.0,536,18.27,56.0,6,3,1,84.9,10.727180422942716,0.104,0.3722
2026-03-16,39011,1995.4,345,14.7,37.0,0,3,0,112.7,10.571624570091906,0.107,0.2396
2026-03-17,43390,2262.1,344,14.2,48.0,1,3,0,125.8,10.678007325311796,0.139,0.2389
2026-03-18,16185,1216.7,123,3.3,7.0,2,3,0,130.5,9.691901950055648,0.056,0.0854
2026-03-19,46205,2674.1,415,19.33,31.0,3,3,0,111.1,10.740864938767306,0.075,0.2882
2026-03-20,33328,1844.0,292,11.42,9.0,4,3,0,113.7,10.414183167851386,0.031,0.2028
2026-03-21,29705,1266.5,329,10.37,22.0,5,3,1,90.0,10.299104324589479,0.067,0.2285
2026-03-22,34200,3277.6,309,15.02,51.0,6,3,1,110.3,10.440010162389305,0.165,0.2146
2026-03-23,22148,1725.3,180,9.27,42.0,0,3,0,122.4,10.005547627727275,0.232,0.125
2026-03-24,45120,2359.8,387,20.28,88.0,1,3,0,116.3,10.71710304904691,0.227,0.2688
2026-03-25,41500,2149.7,333,17.81,97.0,2,3,0,124.3,10.633472802314019,0.29,0.2312
2026-03-26,28272,1992.2,245,10.61,32.0,3,3,0,114.9,10.249662564618726,0.13,0.1701
2026-03-27,32266,2154.2,251,12.02,51.0,4,3,0,128.0,10.38180031512171,0.202,0.1743
2026-03-28,35691,2055.8,284,12.13,63.0,5,3,1,125.2,10.482681853020042,0.221,0.1972
2026-03-29,56924,2741.7,411,23.73,190.0,6,3,1,138.2,10.94948989093194,0.461,0.2854
2026-03-30,35571,2676.5,267,11.5,50.0,0,3,0,132.7,10.47931409051953,0.187,0.1854
2026-03-31,26406,2050.4,203,9.83,41.0,1,3,0,129.4,10.181384405503108,0.201,0.141
2026-04-01,48525,2981.1,393,20.55,90.0,2,4,0,123.2,10.789855015758926,0.228,0.2729
2026-04-02,63713,2771.1,501,27.94,103.0,3,4,0,126.9,11.0621595976319,0.205,0.3479
2026-04-03,34065,2050.6,296,15.26,62.0,4,4,0,114.7,10.436055098420523,0.209,0.2056
2026-04-04,19718,1704.0,171,8.96,41.0,5,4,1,114.6,9.889337916931686,0.238,0.1188
2026-04-05,17873,1872.8,134,7.76,50.0,6,4,1,132.4,9.791102421941337,0.37,0.0931
2026-04-06,47692,2542.0,396,21.39,76.0,0,4,0,120.1,10.772539915583412,0.191,0.275
2026-04-07,41627,2188.3,306,16.9,58.0,1,4,0,135.6,10.63652829675775,0.189,0.2125
2026-04-08,50531,2415.9,403,19.22,77.0,2,4,0,125.1,10.830362077949928,0.191,0.2799
2026-04-09,28066,2118.7,254,12.03,94.0,3,4,0,110.1,10.242349787976345,0.369,0.1764
2026-04-10,22551,2053.7,179,10.38,59.0,4,4,0,125.3,10.023579032793949,0.328,0.1243
2026-04-11,19569,1675.1,163,9.13,49.0,5,4,1,119.3,9.881753060390121,0.299,0.1132
2026-04-12,14352,1827.6,119,6.25,24.0,6,4,1,119.6,9.57171425857138,0.2,0.0826
2026-04-13,26831,2071.1,218,11.68,52.0,0,4,0,122.5,10.19735048406299,0.237,0.1514
2026-04-14,27423,1729.2,234,12.07,27.0,1,4,0,116.7,10.219173821397506,0.115,0.1625
2026-04-15,28741,1949.9,246,12.03,48.0,2,4,0,116.4,10.266114746634193,0.194,0.1708
2026-04-16,32397,2078.3,280,14.64,46.0,3,4,0,115.3,10.385851971480083,0.164,0.1944
2026-04-17,55980,2913.9,445,26.02,150.0,4,4,0,125.5,10.93276762643258,0.336,0.309
2026-04-18,15553,1426.8,153,6.15,0.0,5,4,1,101.0,9.652073119254888,0.0,0.1062
2026-04-19,31248,2193.6,230,14.15,68.0,6,4,1,135.3,10.349742654652538,0.294,0.1597
2026-04-20,42793,2390.9,350,19.07,60.0,0,4,0,121.9,10.664153184826896,0.171,0.2431
2026-04-21,48367,2440.6,380,22.12,114.0,1,4,0,126.9,10.786593717019239,0.299,0.2639
2026-04-22,27083,1824.1,227,11.34,40.0,2,4,0,118.8,10.206698426605536,0.175,0.1576
2026-04-23,46636,2516.9,380,20.5,90.0,3,4,0,122.4,10.750149496485612,0.236,0.2639
2026-04-24,31298,2051.3,265,14.03,83.0,4,4,0,117.7,10.351341427136079,0.312,0.184
2026-04-25,27370,2113.1,207,10.02,25.0,5,4,1,131.6,10.21723933772096,0.12,0.1438
2026-04-26,26635,1936.6,225,11.7,40.0,6,4,1,117.9,10.190018963230512,0.177,0.1562
2026-04-27,43633,2552.3,318,19.05,90.0,0,4,0,136.8,10.683591941951969,0.282,0.2208
2026-04-28,40697,2356.9,310,16.51,92.0,1,4,0,130.9,10.613934230174134,0.296,0.2153
2026-04-29,35780,1903.4,271,14.53,63.0,2,4,0,131.5,10.48517230524678,0.232,0.1882
2026-04-30,51298,2636.6,403,18.43,142.0,3,4,0,127.0,10.845426537791479,0.351,0.2799
2026-05-01,39906,2422.8,260,10.7,72.0,4,5,0,152.9,10.594307026086895,0.276,0.1806
2026-05-03,33707,3048.5,338,9.42,119.0,6,5,1,99.4,10.425490476892245,0.351,0.2347
2026-05-04,9185,803.5,68,4.11,29.0,0,5,0,133.1,9.12543586488574,0.42,0.0472
